schoolID,school_name,school_city,school_state,school_country,NULL
abilchrist,Abilene Christian University,Abilene,TX,USA,NULL
adelphi,Adelphi University,Garden City,NY,USA,NULL
adrianmi,Adrian College,Adrian,MI,USA,NULL
akron,University of Akron,Akron,OH,USA,NULL
alabama,University of Alabama,Tuscaloosa,AL,USA,NULL
alabamaam,Alabama A&M University,Normal,AL,USA,NULL
alabamast,Alabama State University,Montgomery,AL,USA,NULL
albanyst,Albany State University,Albany,GA,USA,NULL
albertsnid,Albertson College,Caldwell,ID,USA,NULL
albevil,Bevill State Community College,Sumiton,AL,USA,NULL
albionmi,Albion College,Albion,MI,USA,NULL
albrightpa,Albright College,Reading,PA,USA,NULL
alcalho,Calhoun Community College,Decatur,AL,USA,NULL
alchatt,Chattahoochee Valley Community College,Phenix City,AL,USA,NULL
alcornst,Alcorn State University,Lorman,MS,USA,NULL
alenter,Enterprise-Ozark Community College,Enterprise,AL,USA,NULL
alfaulk,Faulkner University,Montgomery,AL,USA,NULL
alfscco,Faulkner State College,Bay Minette,AL,USA,NULL
algadsd,Gadsden State Community College,Gadsden,AL,USA,NULL
aljeffd,Jefferson Davis Community College,Brewton,AL,USA,NULL
allegheny,Allegheny College,Meadville,PA,USA,NULL
allurle,Lurleen B Wallace Community College,Andalusia,AL,USA,NULL
almami,Alma College,Alma,MI,USA,NULL
almario,Marion Military Institute,Marion,AL,USA,NULL
almiles,Miles College,Fairfield,AL,USA,NULL
alnorth,Northwest-Shoals Community College,Muscle Shoals,AL,USA,NULL
alsuscc,Southern Union State Community College,Wadley,AL,USA,NULL
alverniapa,Alvernia College,Reading,PA,USA,NULL
alwsdot,Wallace State Community College (Dothan),Dothan,AL,USA,NULL
alwshan,Wallace State Community College (Hanceville),Hanceville,AL,USA,NULL
american,American University,Washington,DC,USA,NULL
amerintl,American International University,Springfield,MA,USA,NULL
amherstma,Amherst College,Amherst,MA,USA,NULL
andersonsc,Anderson College,Anderson,SC,USA,NULL
appalst,Appalachian State University,Boone,NC,USA,NULL
aquinasmi,Aquinas College,Grand Rapids,MI,USA,NULL
arftsmi,University of Arkansas-Fort Smith,Fort Smith,AR,USA,NULL
arizona,University of Arizona,Tucson,AZ,USA,NULL
arizonast,Arizona State University,Tempe,AZ,USA,NULL
arkansas,University of Arkansas,Fayetteville,AR,USA,NULL
arkansaslr,University of Arkansas at Little Rock,Little Rock,AR,USA,NULL
arkansaspb,University of Arkansas at Pine Bluff,Pine Bluff,AR,USA,NULL
arkansasst,Arkansas State University,Jonesboro,AR,USA,NULL
arkmont,University of Arkansas at Monticello,Monticello,AR,USA,NULL
arktech,Arkansas Tech University,Russellville,AR,USA,NULL
armstratl,Armstrong Atlantic State University,Savannah,GA,USA,NULL
army,United States Military Academy,West Point,NY,USA,NULL
arnorth,North Arkansas College,Bentonville,AR,USA,NULL
ashland,Ashland University,Ashland,OH,USA,NULL
athensst,Athens State University,Athens,AL,USA,NULL
auburn,Auburn University,Auburn,AL,USA,NULL
auburnmont,Auburn University at Montgomery,Montgomery,AL,USA,NULL
augsburgmn,Augsburg College,Minneapolis,MN,USA,NULL
austincol,Austin College,Sherman,TX,USA,NULL
austinpeay,Austin Peay State University,Clarksville,TN,USA,NULL
azcentr,Central Arizona College,Coolidge,AZ,USA,NULL
azchand,Chandler-Gilbert Community College,Chandler,AZ,USA,NULL
azcochi,Cochise Community College,Douglas,AZ,USA,NULL
azmescc,Mesa Community College,Mesa,AZ,USA,NULL
azphoen,Phoenix College,Phoenix,AZ,USA,NULL
azpimcc,Pima Community College,Tucson,AZ,USA,NULL
azscott,Scottsdale Community College,Scottsdale,AZ,USA,NULL
azsouth,South Mountain Community College,Phoenix,AZ,USA,NULL
azusapac,Azusa Pacific University,Azusa,CA,USA,NULL
azweste,Arizona Western College,Yuma,AZ,USA,NULL
azyavap,Yavapai College,Prescott,AZ,USA,NULL
baconeok,Bacone College,Muskogee,OK,USA,NULL
bakerks,Baker University,Baldwin City,KS,USA,NULL
baldwalloh,Baldwin-Wallace College,Berea,OH,USA,NULL
ballst,Ball State University,Muncie,IN,USA,NULL
bartonnc,Barton College,Wilson,NC,USA,NULL
baruchcuny,Bernard M Baruch College,New York,NY,USA,NULL
batesme,Bates College,Lewiston,ME,USA,NULL
baylor,Baylor University,Waco,TX,USA,NULL
belmont,Belmont University,Nashville,TN,USA,NULL
belmontab,Belmont Abbey College,Belmont,NC,USA,NULL
beloitwi,Beloit College,Beloit,WI,USA,NULL
benedctnks,Benedictine College,Atchison,KS,USA,NULL
bethanywv,Bethany College,Bethany,WV,USA,NULL
bethcook,Bethune-Cookman College,Daytona Beach,FL,USA,NULL
betheltn,Bethel College,McKenzie,TN,USA,NULL
biolaca,Biola University,La Mirada,CA,USA,NULL
birmsouth,Birmingham-Southern College,Birmingham,AL,USA,NULL
blackbrnil,Blackburn College,Carlinville,IL,USA,NULL
bloomsburg,Bloomsburg University of Pennsylvania,Bloomsburg,PA,USA,NULL
bluefield,Bluefield College,Bluefield,VA,USA,NULL
boisest,Boise State University,Boise,ID,USA,NULL
bostoncoll,Boston College,Chestnut Hill,MA,USA,NULL
bostonuniv,Boston University,Boston,MA,USA,NULL
bowdoinme,Bowdoin College,Brunswick,ME,USA,NULL
bowlgreen,Bowling Green State University,Bowling Green,OH,USA,NULL
bradley,Bradley University,Peoria,IL,USA,NULL
brandeisma,Brandeis University,Waltham,MA,USA,NULL
brdgwatrva,Bridgewater College,Bridgewater,VA,USA,NULL
brewparker,Brewton-Parker College,Mount Vernon,GA,USA,NULL
bridgeport,University of Bridgeport,Bridgeport,CT,USA,NULL
bridgwtrst,Bridgewater State College,Bridgewater,MA,USA,NULL
brklyncuny,Brooklyn College, The City University of New York,Brooklyn,NY,USA
brown,Brown University,Providence,RI,USA,NULL
bryant,Bryant College,Smithfield,RI,USA,NULL
bucknell,Bucknell University,Lewisburg,PA,USA,NULL
buenavista,Buena Vista University,Storm Lake,IA,USA,NULL
buffalost,Buffalo State College,Buffalo,NY,USA,NULL
butler,Butler University,Indianapolis,IN,USA,NULL
byu,Brigham Young University,Provo,UT,USA,NULL
caallan,Allan Hancock College,Santa Maria,CA,USA,NULL
caameri,American River College,Sacramento,CA,USA,NULL
caantel,Antelope Valley College,Lancaster,CA,USA,NULL
cabakjc,Bakersfield College,Bakersfield,CA,USA,NULL
cabarst,Barstow Community College,Barstow,CA,USA,NULL
cabutte,Butte College,Oroville,CA,USA,NULL
cacabri,Cabrillo College,Aptos,CA,USA,NULL
cacanad,Canada College,Redwood City,CA,USA,NULL
cacanyo,College of the Canyons,Santa Clarita,CA,USA,NULL
cacerri,Cerritos College,Norwalk,CA,USA,NULL
cachabo,Chabot College,Hayward,CA,USA,NULL
cachaff,Chaffey College,Rancho Cucamonga,CA,USA,NULL
cacitru,Citrus College,Glendora,CA,USA,NULL
cacompt,Compton Community College,Compton,CA,USA,NULL
cacontr,Contra Costa College,San Pablo,CA,USA,NULL
cacosum,Cosumnes River College,Sacramento,CA,USA,NULL
cacsmat,College of San Mateo,San Mateo,CA,USA,NULL
cacuest,Cuesta College,San Luis Obispo,CA,USA,NULL
cacypre,Cypress College,Cypress,CA,USA,NULL
cadeanz,DeAnza College,Cupertino,CA,USA,NULL
cadiabl,Diablo Valley College,Pleasant Hill,CA,USA,NULL
caelajc,East Los Angeles College,Monterey Park,CA,USA,NULL
caelcam,El Camino College,Torrance,CA,USA,NULL
cafeath,Feather River College,Quincy,CA,USA,NULL
cafooth,Foothill College,Los Altos Hills,CA,USA,NULL
cafrecc,Fresno City College,Fresno,CA,USA,NULL
cafrepa,Fresno Pacific University,Fresno,CA,USA,NULL
cafulle,Fullerton College,Fullerton,CA,USA,NULL
cagavil,Gavilan College,Gilroy,CA,USA,NULL
caglend,Glendale Community College,Glendale,CA,USA,NULL
cagolde,Golden West College,Huntington Beach,CA,USA,NULL
caharbo,Los Angeles Harbor College,Wilmington,CA,USA,NULL
cahartn,Hartnell College,Salinas,CA,USA,NULL
caimper,Imperial Valley College,Imperial,CA,USA,NULL
calacco,Los Angeles City College,Los Angeles,CA,USA,NULL
calamjc,Los Angeles Mission College,Sylmar,CA,USA,NULL
calaney,Laney College,Oakland,CA,USA,NULL
calasse,Lassen College,Susanville,CA,USA,NULL
calavco,Los Angeles Valley College,Los Angeles,CA,USA,NULL
california,University of California, Berkeley,Berkeley,CA,USA
calipa,California University of Pennsylvania,California,PA,USA,NULL
calobcc,Long Beach City College,Long Beach,CA,USA,NULL
calpoly,California Polytechnic State University, San Luis Obispo,San Luis Obispo,CA,USA
calpolypom,California Polytechnic State University, Pomona,Pomona,CA,USA
calstfull,California State University Fullerton,Fullerton,CA,USA,NULL
calstla,California State University Los Angeles,Los Angeles,CA,USA,NULL
calstnorth,California State University Northridge,Los Angeles,CA,USA,NULL
calutheran,California Lutheran University,Thousand Oaks,CA,USA,NULL
camarin,College of Marin,Kentfield,CA,USA,NULL
camendo,Mendocino College,Ukiah,CA,USA,NULL
camenlo,Menlo College,Atherton,CA,USA,NULL
camerce,Merced College,Merced,CA,USA,NULL
cameronok,Cameron University,Lawton,OK,USA,NULL
camerri,Merritt College,Oakland,CA,USA,NULL
camirac,MiraCosta College,Oceanside,CA,USA,NULL
camissi,Mission College,Santa Clara,CA,USA,NULL
camodes,Modesto Junior College,Modesto,CA,USA,NULL
camoorp,Moorpark College,Moorpark,CA,USA,NULL
campbell,Campbell University,Buies Creek,NC,USA,NULL
campjco,Monterey Peninsula College,Monterey,CA,USA,NULL
camsajc,Mount San Antonio College,Walnut,CA,USA,NULL
camsjjc,Mount San Jacinto College,San Jacinto,CA,USA,NULL
canapav,Napa Valley College,Napa,CA,USA,NULL
canisius,Canisius College,Buffalo,NY,USA,NULL
caorang,Orange Coast College,Costa Mesa,CA,USA,NULL
capalom,Palomar College,San Marcos,CA,USA,NULL
capasad,Pasadena City College,Pasadena,CA,USA,NULL
capierc,Los Angeles Pierce College,Woodland Hills,CA,USA,NULL
caporte,Porterville College,Porterville,CA,USA,NULL
caranch,Rancho Santiago College,Santa Ana,CA,USA,NULL
caredwo,College of the Redwoods,Eureka,CA,USA,NULL
careedl,Reedley College,Reedley,CA,USA,NULL
carioho,Rio Hondo College,Whittier,CA,USA,NULL
carivcc,Riverside Community College,Riverside,CA,USA,NULL
carkansas,University of Central Arkansas,Conway,AR,USA,NULL
carsnewm,Carson-Newman College,Jefferson City,TN,USA,NULL
carthagewi,Carthage College,Kenosha,WI,USA,NULL
casacra,Sacramento City College,Sacramento,CA,USA,NULL
casaddl,Saddleback College,Mission Viejo,CA,USA,NULL
casajco,Santa Ana College,Santa Ana,CA,USA,NULL
casanbe,California State University San Bernardino,San Bernardino,CA,USA,NULL
casbcco,Santa Barbara City College,Santa Barbara,CA,USA,NULL
casbvjc,San Bernardino Valley College,San Bernardino,CA,USA,NULL
casdmjc,San Diego Mesa College,San Diego,CA,USA,NULL
casequo,College of the Sequoias,Visalia,CA,USA,NULL
casewestrn,Case Western Reserve University,Cleveland,OH,USA,NULL
casfcco,City College of San Francisco,San Francisco,CA,USA,NULL
cashast,Shasta College,Redding,CA,USA,NULL
casierr,Sierra College,Rocklin,CA,USA,NULL
casiski,College of the Siskiyous,Weed,CA,USA,NULL
casjcco,San Jose City College,San Jose,CA,USA,NULL
casjdjc,San Joaquin Delta College,Stockton,CA,USA,NULL
caskyli,Skyline JC,San Bruno,CA,USA,NULL
casmjco,Santa Monica College,Santa Monica,CA,USA,NULL
casolan,Solano Community College,Fairfield,CA,USA,NULL
casrjco,Santa Rosa Junior College,Santa Rosa,CA,USA,NULL
caswjco,Southwestern College,Chula Vista,CA,USA,NULL
catafjc,Taft College,Taft,CA,USA,NULL
catawba,Catawba College,Salisbury,NC,USA,NULL
catholic,Catholic University of America,Washington,DC,USA,NULL
caventu,Ventura College,Ventura,CA,USA,NULL
cawhjco,West Hills College,Coalinga,CA,USA,NULL
cawlajc,West Los Angeles College,Culver City,CA,USA,NULL
cawvjco,West Valley College,Saratoga,CA,USA,NULL
cconnst,Central Connecticut State University,New Britain,CT,USA,NULL
ccri,Community College of Rhode Island,Warwick,RI,USA,NULL
centenary,Centenary College of Louisiana,Shreveport,LA,USA,NULL
centok,University of Central Oklahoma,Edmond,OK,USA,NULL
centralst,Central State University,Wilberforce,OH,USA,NULL
centreky,Centre College,Danville,KY,USA,NULL
cflorida,University of Central Florida,Orlando,FL,USA,NULL
chapmanca,Chapman University,Orange,CA,USA,NULL
charleston,College of Charleston,Charleston,SC,USA,NULL
charleswv,University of Charleston,Charleston,WV,USA,NULL
charlotte,University of North Carolina at Charlotte,Charlotte,NC,USA,NULL
charlsouth,Charleston Southern University,Charleston,SC,USA,NULL
chicago,University of Chicago,Chicago,IL,USA,NULL
chicagost,Chicago State University,Chicago,IL,USA,NULL
chicost,California State University Chico,Chico,CA,USA,NULL
cincy,University of Cincinnati,Cincinnati,OH,USA,NULL
citadel,The Citadel,Charleston,SC,USA,NULL
clarion,Clarion University of Pennsylvania,Clarion,PA,USA,NULL
clarksonny,Clarkson University,Potsdam,NY,USA,NULL
clemson,Clemson University,Clemson,SC,USA,NULL
clevst,Cleveland State University,Cleveland,OH,USA,NULL
clrmuddscr,Claremont McKenna College,Claremont,CA,USA,NULL
cmichigan,Central Michigan University,Mount Pleasant,MI,USA,NULL
cmissouri,University of Central Missouri,Warrensburg,MO,USA,NULL
cncrdiacol,Concordia College-Moorhead,Moorhead,MN,USA,NULL
coastcar,Coastal Carolina University,Conway,SC,USA,NULL
coftlew,Fort Lewis College,Durango,CO,USA,NULL
colamar,Lamar Community College,Lamar,CO,USA,NULL
colbyme,Colby College,Waterville,ME,USA,NULL
colgate,Colgate University,Hamilton,NY,USA,NULL
colocollege,Colorado College,Colorado Springs,CO,USA,NULL
colorado,University of Colorado,Boulder,CO,USA,NULL
coloradost,Colorado State University,Fort Collins,CO,USA,NULL
columbia,Columbia University,New York,NY,USA,NULL
comines,Colorado School of Mines,Golden,CO,USA,NULL
concordny,Concordia College-Bronxville,Bronxville,NY,USA,NULL
concrdiamn,Concordia University-St. Paul,St. Paul,MN,USA,NULL
concrdiatx,Concordia University at Austin,Austin,TX,USA,NULL
cornell,Cornell University,Ithaca,NY,USA,NULL
cornellia,Cornell College,Mount Vernon,IA,USA,NULL
costpue,Colorado State University-Pueblo,Pueblo,CO,USA,NULL
cotrini,Trinidad State Junior College,Trinidad,CO,USA,NULL
crdstritch,Cardinal Stritch University,Milwaukee,WI,USA,NULL
creighton,Creighton University,Omaha,NE,USA,NULL
crngmellon,Carnegie Mellon University,Pittsburgh,PA,USA,NULL
csdomhills,California State University Dominguez Hills,Carson,CA,USA,NULL
cshayward,California State University East Bay,Hayward,CA,USA,NULL
csstanisl,California State University Stanislaus,Turlock,CA,USA,NULL
ctconap,University of Connecticut at Avery Point,Groton,CT,USA,NULL
ctmitch,Mitchell College,New London,CT,USA,NULL
ctnorwa,Norwalk Community College,Norwalk,CT,USA,NULL
cumbrlndtn,Cumberland University,Lebanon,TN,USA,NULL
cwashngton,Central Washington University,Ellensburg,WA,USA,NULL
cwpost,Long Island University, C W Post Campus,Brookville,NY,USA
dallasbapt,Dallas Baptist University,Dallas,TX,USA,NULL
dartmouth,Dartmouth College,Hanover,NH,USA,NULL
davidson,Davidson College,Davidson,NC,USA,NULL
daviselkins,Davis and Elkins College,Elkins,WV,USA,NULL
dayton,University of Dayton,Dayton,OH,USA,NULL
dcbenfr,Benjamin Franklin University,Washington,DC,USA,NULL
debrand,Brandywine Junior College,Wilmington,DE,USA,NULL
dedelaw,Delaware Technical and Community College,Dover,DE,USA,NULL
delaware,University of Delaware,Newark,DE,USA,NULL
delawarest,Delaware State University,Dover,DE,USA,NULL
deltast,Delta State University,Cleveland,MS,USA,NULL
denisonoh,Denison University,Granville,OH,USA,NULL
denver,University of Denver,Denver,CO,USA,NULL
depaul,DePaul University,Chicago,IL,USA,NULL
depauwin,DePauw University,Greencastle,IN,USA,NULL
detroit,University of Detroit Mercy,Detroit,MI,USA,NULL
dickinson,Dickinson College,Carlisle,PA,USA,NULL
dominican,Dominican College,Orangeburg,NY,USA,NULL
drake,Drake University,Des Moines,IA,USA,NULL
dubuque,University of Dubuque,Dubuque,IA,USA,NULL
duke,Duke University,Durham,NC,USA,NULL
duquesne,Duquesne University,Pittsburgh,PA,USA,NULL
ecarolina,East Carolina University,Greenville,NC,USA,NULL
ecentralok,East Central University,Ada,OK,USA,NULL
eckerd,Eckerd College,St. Petersburg,FL,USA,NULL
econnst,Eastern Connecticut State University,Willimantic,CT,USA,NULL
edinboro,Edinboro University of Pennsylvania,Edinboro,PA,USA,NULL
eillinois,Eastern Illinois University,Charleston,IL,USA,NULL
ekentucky,Eastern Kentucky University,Richmond,KY,USA,NULL
elizbthtwn,Elizabethtown College,Elizabethtown,PA,USA,NULL
elon,Elon University,Elon,NC,USA,NULL
emichigan,Eastern Michigan University,Ypsilanti,MI,USA,NULL
emoryga,Emory University,Atlanta,GA,USA,NULL
emoryhenry,Emory and Henry College,Emory,VA,USA,NULL
emporiast,Emporia State University,Emporia,KS,USA,NULL
erskine,Erskine College,Due West,SC,USA,NULL
estroud,East Stroudsburg University of Pennsylvania,East Stroudsburg,PA,USA,NULL
etennst,East Tennessee State University,Johnson City,TN,USA,NULL
etxbaptist,East Texas Baptist University,Marshall,TX,USA,NULL
eurekail,Eureka College,Eureka,IL,USA,NULL
eutah,College of Eastern Utah,Price,UT,USA,NULL
evansville,University of Evansville,Evansville,IN,USA,NULL
fairfield,Fairfield University,Fairfield,CT,USA,NULL
fairldick,Fairleigh Dickinson University, Metropolitan Campus,Teaneck,NJ,USA
fayetvilst,Fayetteville State University,Fayetteville,NC,USA,NULL
ferrisst,Ferris State University,Big Rapids,MI,USA,NULL
ferrumva,Ferrum College,Ferrum,VA,USA,NULL
flagler,Flagler College,St. Augustine,FL,USA,NULL
flatlantic,Florida Atlantic University,Boca Raton,FL,USA,NULL
flbarry,Barry University,Miami Shores,FL,USA,NULL
flbreva,Brevard Community College,Cocoa,FL,USA,NULL
flbrowa,Broward Community College,Fort Lauderdale,FL,USA,NULL
flcentr,Central Florida Community College,Ocala,FL,USA,NULL
flchipo,Chipola College,Marianna,FL,USA,NULL
fldayto,Daytona Beach Community College,Daytona Beach,FL,USA,NULL
flediso,Edison College,Fort Myers,FL,USA,NULL
flflajc,Florida College,Jacksonville,FL,USA,NULL
flgateway,Florida Gateway College,Lake City,FL,USA,NULL
flgccco,Gulf Coast Community College,Panama City,FL,USA,NULL
flgulfc,Florida Gulf Coast University,Fort Myers,FL,USA,NULL
flhills,Hillsborough Community College,Tampa,FL,USA,NULL
flindia,Indian River Community College,Fort Pierce,FL,USA,NULL
flinternat,Florida International University,Miami,FL,USA,NULL
fllynnu,Lynn University,Boca Raton,FL,USA,NULL
flmanat,State College of Florida, Manatee-Sarasota,Bradenton,FL,USA
flmdkjc,Miami-Dade College, Kendall Campus,Miami,FL,USA
flmdnjc,Miami-Dade College, North Campus,Miami,FL,USA
flmdwjc,Miami-Dade College, Wolfson Campus,Miami,FL,USA
flnfcco,North Florida Community College,Madison,FL,USA,NULL
flnovas,Nova Southeastern University,Fort Lauderdale,FL,USA,NULL
flnwfsc,Northwest Florida State College,Niceville,FL,USA,NULL
flokalo,Okaloosa-Walton College,Niceville,FL,USA,NULL
florida,University of Florida,Gainesville,FL,USA,NULL
floridaam,Florida Agricultural and Mechanical University,Tallahassee,FL,USA,NULL
floridast,Florida State University,Tallahassee,FL,USA,NULL
flpalme,Palmer College,DeFuniak Springs,FL,USA,NULL
flpasco,Pasco-Hernando Community College,New Port Richey,FL,USA,NULL
flpbaun,Palm Beach Atlantic University,West Palm Beach,FL,USA,NULL
flpensa,Pensacola Junior College,Pensacola,FL,USA,NULL
flpolkc,Polk Community College,Winter Haven,FL,USA,NULL
flsanta,Santa Fe Community College,Gainesville,FL,USA,NULL
flsjrcc,St. Johns River Community College,Palatka,FL,USA,NULL
flsouthern,Florida Southern College,Lakeland,FL,USA,NULL
flstpet,St. Petersburg College,St. Petersburg,FL,USA,NULL
fltalla,Tallahassee Community College,Tallahassee,FL,USA,NULL
fltech,Florida Institute of Technology,Melbourne,FL,USA,NULL
flvalen,Valencia Community College,Orlando,FL,USA,NULL
fordham,Fordham University,New York,NY,USA,NULL
forthays,Fort Hays State University,Hays,KS,USA,NULL
franklinin,Franklin College,Franklin,IN,USA,NULL
frankmarsh,Franklin and Marshall College,Lancaster,PA,USA,NULL
freedhrdmn,Freed-Hardeman University,Henderson,TN,USA,NULL
fresnost,California State University Fresno,Fresno,CA,USA,NULL
friendsks,Friends University,Wichita,KS,USA,NULL
furman,Furman University,Greenville,SC,USA,NULL
gaberry,Berry College,Mount Berry,GA,USA,NULL
gacoast,Coastal Georgia Community College,Brunswick,GA,USA,NULL
gacollege,Georgia College and State University,Milledgeville,GA,USA,NULL
gacolum,Columbus State University,Columbus,GA,USA,NULL
gagpjco,Georgia Perimeter College,Covington,GA,USA,NULL
gallaudet,Gallaudet University,Washington,DC,USA,NULL
gamiddl,Middle Georgia College,Cochran,GA,USA,NULL
gannon,Gannon University,Erie,PA,USA,NULL
gardwebb,Gardner-Webb University,Boiling Springs,NC,USA,NULL
gasgajc,South Georgia College,Douglas,GA,USA,NULL
gaswestern,Georgia Southwestern State University,Americus,GA,USA,NULL
gatech,Georgia Institute of Technology,Atlanta,GA,USA,NULL
genevapa,Geneva College,Beaver Falls,PA,USA,NULL
georgefox,George Fox University,Newberg,OR,USA,NULL
georgemas,George Mason University,Fairfax,VA,USA,NULL
georgetown,Georgetown University,Washington,DC,USA,NULL
georgewash,George Washington University,Washington,DC,USA,NULL
georgia,University of Georgia,Athens,GA,USA,NULL
georgiasou,Georgia Southern University,Statesboro,GA,USA,NULL
georgiast,Georgia State University,Atlanta,GA,USA,NULL
georgtwnky,Georgetown College,Georgetown,KY,USA,NULL
gettysburg,Gettysburg College,Gettysburg,PA,USA,NULL
glenvilst,Glenville State College,Glenville,WV,USA,NULL
gonzaga,Gonzaga University,Spokane,WA,USA,NULL
grambling,Grambling State University,Grambling,LA,USA,NULL
grandview,Grand View College,Des Moines,IA,USA,NULL
grcanyon,Grand Canyon University,Phoenix,AZ,USA,NULL
grinnellia,Grinnell College,Grinnell,IA,USA,NULL
grossmont,Grossmont College,El Cajon,CA,USA,NULL
grovecity,Grove City College,Grove City,PA,USA,NULL
grvalleyst,Grand Valley State University,Allendale,MI,USA,NULL
guilfordnc,Guilford College,Greensboro,NC,USA,NULL
hamlinemn,Hamline University,St. Paul,MN,USA,NULL
hampsydney,Hampden-Sydney College,Hampden-Sydney,VA,USA,NULL
harding,Harding University,Searcy,AR,USA,NULL
hardinsimm,Hardin-Simmons University,Abilene,TX,USA,NULL
hartford,University of Hartford,West Hartford,CT,USA,NULL
hartwickny,Hartwick College,Oneonta,NY,USA,NULL
harvard,Harvard University,Cambridge,MA,USA,NULL
haskellks,Haskell Indian Nations University,Lawrence,KS,USA,NULL
hawaii,University of Hawaii at Manoa,Honolulu,HI,USA,NULL
hawaiihilo,University of Hawaii at Hilo,Hilo,HI,USA,NULL
hawaiipac,Hawaii Pacific University,Honolulu,HI,USA,NULL
heidelberg,Heidelberg College,Tiffin,OH,USA,NULL
hendrixar,Hendrix College,Conway,AR,USA,NULL
hendrsonst,Henderson State University,Arkadelphia,AR,USA,NULL
highpoint,High Point University,High Point,NC,USA,NULL
hillsdale,Hillsdale College,Hillsdale,MI,USA,NULL
hiramoh,Hiram College,Hiram,OH,USA,NULL
hobartny,Hobart and William Smith Colleges,Geneva,NY,USA,NULL
hofstra,Hofstra University,Hempstead,NY,USA,NULL
holycross,College of the Holy Cross,Worcester,MA,USA,NULL
hopemi,Hope College,Holland,MI,USA,NULL
houstnbapt,Houston Baptist University,Houston,TX,USA,NULL
houston,University of Houston,Houston,TX,USA,NULL
howard,Howard University,Washington,DC,USA,NULL
howrdpayne,Howard Payne University,Brownwood,TX,USA,NULL
humboldtst,Humboldt State University,Arcata,CA,USA,NULL
huntercuny,Hunter College, The City University of New York,New York,NY,USA
iadesmo,Des Moines University,Des Moines,IA,USA,NULL
iadmacc,Des Moines Area Community College,Boone,IA,USA,NULL
iaellsw,Ellsworth College,Iowa Falls,IA,USA,NULL
iahighl,Highland Park College,Des Moines,IA,USA,NULL
iaindia,Indian Hills Community College,Centerville,IA,USA,NULL
iakirkw,Kirkwood Community College,Cedar Rapids,IA,USA,NULL
iaparso,Parsons College,Fairfield,IA,USA,NULL
iaseccs,Southeastern Iowa Community College, Keokuk Campus,Keokuk,IA,USA
iasimps,Simpson College,Indianola,IA,USA,NULL
iawescc,Iowa Western Community College,Council Bluffs,IA,USA,NULL
iawesleyan,Iowa Wesleyan College,Mount Pleasant,IA,USA,NULL
idaho,University of Idaho,Moscow,ID,USA,NULL
idahost,Idaho State University,Pocatello,ID,USA,NULL
idbyuid,Brigham Young University-Idaho,Rexburg,ID,USA,NULL
idcosid,College of Southern Idaho,Twin Falls,ID,USA,NULL
idnidjc,North Idaho College,Coeur d'Alene,ID,USA,NULL
ilaugus,Augustana College,Rock Island,IL,USA,NULL
ilcenjc,Illinois Central College,East Peoria,IL,USA,NULL
ilcollege,Illinois College,Jacksonville,IL,USA,NULL
ildixon,Dixon College,Dixon,IL,USA,NULL
ildupag,College of DuPage,Glen Ellyn,IL,USA,NULL
ilelmhu,Elmhurst College,Elmhurst,IL,USA,NULL
ilharpe,William Rainey Harper College,Palatine,IL,USA,NULL
ilkanka,Kankakee Community College,Kankakee,IL,USA,NULL
ilkaska,Kaskaskia College,Arcola,IL,USA,NULL
ilkenne,Kennedy-King College,Chicago,IL,USA,NULL
ilkishw,Kishwaukee College,Malta,IL,USA,NULL
illakel,Lake Land College,Mattoon,IL,USA,NULL
illchicago,University of Illinois at Chicago,Chicago,IL,USA,NULL
illewis,Lewis & Clark Community College,Godfrey,IL,USA,NULL
illinco,Lincoln College,Lincoln,IL,USA,NULL
illinois,University of Illinois at Urbana-Champaign,Champaign,IL,USA,NULL
illinoisst,Illinois State University,Normal,IL,USA,NULL
illogan,John A Logan College,Carterville,IL,USA,NULL
illomba,Lombard College,Galesburg,IL,USA,NULL
illtjco,Lincoln Trail College,Robinson,IL,USA,NULL
ilmcken,McKendree University,Lebanon,IL,USA,NULL
ilmorai,Moraine Valley Community College,Palos Hills,IL,USA,NULL
ilmount,Mount Morris College,Mount Morris,IL,USA,NULL
ilolney,Olney Central College,Olney,IL,USA,NULL
ilparkl,Parkland College,Champaign,IL,USA,NULL
ilseijc,Southeastern Illinois College,Harrisburg,IL,USA,NULL
ilshurt,Shurtleff College,Alton,IL,USA,NULL
ilssjco,South Suburban College,South Holland,IL,USA,NULL
ilstvia,St. Viator College,Bourbonnais,IL,USA,NULL
ilsvcco,Sauk Valley Community College,Dixon,IL,USA,NULL
ilswijc,Southwestern Illinois College,Belleville,IL,USA,NULL
iltrito,Triton College,River Grove,IL,USA,NULL
iltruma,Harry S Truman College,Chicago,IL,USA,NULL
ilwabas,Wabash Valley College,Mount Carmel,IL,USA,NULL
ilwesleyan,Illinois Wesleyan University,Bloomington,IL,USA,NULL
ilwrigh,Wilbur Wright College,Chicago,IL,USA,NULL
inander,Anderson University,Anderson,IN,USA,NULL
inbethel,Bethel College,Mishawaka,IN,USA,NULL
incante,Canterbury College,Danville,IN,USA,NULL
inconco,Concordia Theological Seminary,Fort Wayne,IN,USA,NULL
indiana,Indiana University-Bloomington,Bloomington,IN,USA,NULL
indianapa,Indiana University of Pennsylvania,Indiana,PA,USA,NULL
indianast,Indiana State University,Terre Haute,IN,USA,NULL
indpolis,University of Indianapolis,Indianapolis,IN,USA,NULL
inhanov,Hanover College,Hanover,IN,USA,NULL
inindwe,Indiana Wesleyan University,Marion,IN,USA,NULL
inintec,Indiana Institute of Technology,Fort Wayne,IN,USA,NULL
invince,Vincennes University,Vincennes,IN,USA,NULL
iona,Iona College,New Rochelle,NY,USA,NULL
iowa,University of Iowa,Iowa City,IA,USA,NULL
iowast,Iowa State University,Ames,IA,USA,NULL
ithacany,Ithaca College,Ithaca,NY,USA,NULL
jacksonst,Jackson State University,Jackson,MS,USA,NULL
jacksonvil,Jacksonville University,Jacksonville,FL,USA,NULL
jamesmad,James Madison University,Harrisonburg,VA,USA,NULL
jksonvilst,Jacksonville State University,Jacksonville,AL,USA,NULL
johnbrwnar,John Brown University,Siloam Springs,AR,USA,NULL
johnshpkns,Johns Hopkins University,Baltimore,MD,USA,NULL
juniatapa,Juniata College,Huntingdon,PA,USA,NULL
kalamazoo,Kalamazoo College,Kalamazoo,MI,USA,NULL
kansas,University of Kansas,Lawrence,KS,USA,NULL
kansasst,Kansas State University,Manhattan,KS,USA,NULL
keenest,Keene State College,Keene,NH,USA,NULL
kennesawst,Kennesaw State University,Kennesaw,GA,USA,NULL
kentst,Kent State University,Kent,OH,USA,NULL
kentucky,University of Kentucky,Lexington,KY,USA,NULL
kentuckyst,Kentucky State University,Frankfort,KY,USA,NULL
kenyonoh,Kenyon College,Gambier,OH,USA,NULL
knoxil,Knox College,Galesburg,IL,USA,NULL
ksbarto,Barton County Community College,Great Bend,KS,USA,NULL
ksbutle,Butler County Community College,El Dorado,KS,USA,NULL
kscloud,Cloud County Community College,Concordia,KS,USA,NULL
kscowle,Cowley County Community College,Arkansas City,KS,USA,NULL
ksftsco,Fort Scott Community College,Fort Scott,KS,USA,NULL
ksgarde,Garden City Community College,Garden City,KS,USA,NULL
kshutch,Hutchinson Community College,Hutchinson,KS,USA,NULL
ksindep,Independence Community College,Independence,KS,USA,NULL
ksjohns,Johnson County Community College,Overland Park,KS,USA,NULL
kskccco,Kansas City Kansas Community College,Kansas City,KS,USA,NULL
kslabet,Labette Community College,Parsons,KS,USA,NULL
ksneosh,Neosho County Community College,Chanute,KS,USA,NULL
kspratt,Pratt Community College,Pratt,KS,USA,NULL
ksstmaC,St. Mary's College,St. Mary's,KS,USA,NULL
kutztown,Kutztown University of Pennsylvania,Kutztown,PA,USA,NULL
kybella,Bellarmine College,Louisville,KY,USA,NULL
kysomer,Somerset Community College,Somerset,KY,USA,NULL
kystcat,St. Catherine College,St. Catherine,KY,USA,NULL
kywesleyan,Kentucky Wesleyan College,Owensboro,KY,USA,NULL
kywkycc,West Kentucky Community and Technical College,Paducah,KY,USA,NULL
labossi,Bossier Parish Community College,Bossier City,LA,USA,NULL
lacollege,Louisiana College,Pineville,LA,USA,NULL
ladelga,Delgado Community College,New Orleans,LA,USA,NULL
lafayette,Lafayette College,Easton,PA,USA,NULL
lakeforest,Lake Forest College,Lake Forest,IL,USA,NULL
lamar,Lamar University,Beaumont,TX,USA,NULL
lambuthtn,Lambuth University,Jackson,TN,USA,NULL
lanecol,Lane College,Jackson,TN,USA,NULL
lasalle,LaSalle University,Philadelphia,PA,USA,NULL
latech,Louisiana Tech University,Ruston,LA,USA,NULL
laverneca,University of La Verne,La Verne,CA,USA,NULL
lebvalley,Lebanon Valley College,Annville,PA,USA,NULL
lee,Lee University,Cleveland,TN,USA,NULL
lehigh,Lehigh University,Bethlehem,PA,USA,NULL
lemoyne,LeMoyne College,Syracuse,NY,USA,NULL
lemoynowen,LeMoyne-Owen College,Memphis,TN,USA,NULL
lenoirrhyn,Lenoir-Rhyne College,Hickory,NC,USA,NULL
lewclarkor,Lewis and Clark College,Portland,OR,USA,NULL
lewclarkst,Lewis-Clark State College,Lewiston,ID,USA,NULL
lewisil,Lewis University,Romeoville,IL,USA,NULL
liberty,Liberty University,Lynchburg,VA,USA,NULL
lincolnlandcc,Lincoln Land Community College,Springfield,IL,USA,NULL
lincolnmem,Lincoln Memorial University,Harrogate,TN,USA,NULL
lincolnmo,Lincoln University,Jefferson City,MO,USA,NULL
linfieldor,Linfield College,McMinnville,OR,USA,NULL
lipscomb,Lipscomb University,Nashville,TN,USA,NULL
lockhaven,Lock Haven University of Pennsylvania,Lock Haven,PA,USA,NULL
longbeach,California State University Long Beach,Long Beach,CA,USA,NULL
longisland,Long Island University, Brooklyn Campus,Brooklyn,NY,USA
longwoodva,Longwood University,Farmville,VA,USA,NULL
lorasia,Loras College,Dubuque,IA,USA,NULL
louisville,University of Louisville,Louisville,KY,USA,NULL
loyolachi,Loyola University Chicago,Chicago,IL,USA,NULL
loyolamary,Loyola Marymount University,Los Angeles,CA,USA,NULL
loyolamd,Loyola College in Maryland,Baltimore,MD,USA,NULL
loyolano,Loyola University New Orleans,New Orleans,LA,USA,NULL
lsu,Louisiana State University,Baton Rouge,LA,USA,NULL
lubbchrist,Lubbock Christian University,Lubbock,TX,USA,NULL
lutheria,Luther College,Decorah,IA,USA,NULL
lycomingpa,Lycoming College,Williamsport,PA,USA,NULL
lynchbrgva,Lynchburg College,Lynchburg,VA,USA,NULL
maassum,Assumption College,Worcester,MA,USA,NULL
macmurryil,MacMurray College,Jacksonville,IL,USA,NULL
macollege,Massachusetts College of Liberal Arts,North Adams,MA,USA,NULL
madeajc,Dean College,Franklin,MA,USA,NULL
maemers,Emerson College,Boston,MA,USA,NULL
maine,University of Maine at Orono,Orono,ME,USA,NULL
malowete,Lowell Technological Institute,Lowell,MA,USA,NULL
mamassa,Massasoit Community College,Brockton,MA,USA,NULL
mamerri,Merrimack College,North Andover,MA,USA,NULL
mamiddl,Middlesex Community College,Bedford,MA,USA,NULL
manchester,Manchester College,North Manchester,IN,USA,NULL
manecco,Northern Essex Community College,Haverhill,MA,USA,NULL
manhattan,Manhattan College,New York,NY,USA,NULL
mankatost,Minnesota State University, Mankato,Mankato,MN,USA
manscco,North Shore Community College,Danvers,MA,USA,NULL
mansfield,Mansfield University of Pennsylvania,Mansfield,PA,USA,NULL
maquins,Quinsigamond Community College,Worcester,MA,USA,NULL
mariettaoh,Marietta College,Marietta,OH,USA,NULL
marquette,Marquette University,Milwaukee,WI,USA,NULL
marshall,Marshall University,Huntington,WV,USA,NULL
maryhrdbay,University of Mary Hardin-Baylor,Belton,TX,USA,NULL
maryland,University of Maryland,College Park,MD,USA,NULL
masslowell,University of Massachusetts Lowell,Lowell,MA,USA,NULL
mastersca,The Master's College,Santa Clarita,CA,USA,NULL
mcdaniel,McDaniel College,Westminster,MD,USA,NULL
mcmgccc,Mississippi Gulf Coast Community College,Perkinston,MS,USA,NULL
mcneese,McNeese State University,Lake Charles,LA,USA,NULL
mdaacco,Anne Arundel Community College,Arnold,MD,USA,NULL
mdbalcc,Baltimore City Community College,Baltimore,MD,USA,NULL
mdbalti,University of Baltimore,Baltimore,MD,USA,NULL
mdccbcc,Community College of Baltimore County, Catonsville Campus,Catonsville,MD,USA
mdccbce,Community College of Baltimore County, Essex Campus,Essex,MD,USA
mdcecil,Cecil Community College,North East,MD,USA,NULL
mdcolsm,College of Southern Maryland,La Plata,MD,USA,NULL
mdfrost,Frostburg State University,Frostburg,MD,USA,NULL
mdgarre,Garrett Community College,McHenry,MD,USA,NULL
mdhager,Hagerstown Community College,Hagerstown,MD,USA,NULL
mdmdbal,University of Maryland Baltimore,Baltimore,MD,USA,NULL
mdmontg,Montgomery College, Rockville Campus,Rockville,MD,USA
mdrockh,Rock Hill College,Ellicott City,MD,USA,NULL
mdstjoh,St. John's College,Annapolis,MD,USA,NULL
memphis,University of Memphis,Memphis,TN,USA,NULL
meramec,St. Louis Community College, Meramec Campus,Kirkwood,MO,USA
mercer,Mercer University,Macon,GA,USA,NULL
mercyhurst,Mercyhurst College,Erie,PA,USA,NULL
mericke,Ricker College,Houlton,ME,USA,NULL
mesast,Mesa State College,Grand Junction,CO,USA,NULL
messiah,Messiah College,Grantham,PA,USA,NULL
mestjos,St. Joseph's College,Standish,ME,USA,NULL
mewestb,Westbrook College,Portland,ME,USA,NULL
miamidade,Miami-Dade College,Miami,FL,USA,NULL
miamifl,University of Miami,Coral Gables,FL,USA,NULL
miamioh,Miami University of Ohio,Oxford,OH,USA,NULL
michigan,University of Michigan,Ann Arbor,MI,USA,NULL
michiganst,Michigan State University,East Lansing,MI,USA,NULL
middlbryvt,Middlebury College,Middlebury,VT,USA,NULL
midetrte,Detroit Institute of Technology,Detroit,MI,USA,NULL
midlndluth,Midland Lutheran College,Fremont,NE,USA,NULL
migocco,Glen Oaks Community College,Centreville,MI,USA,NULL
migrand,Grand Rapids Community College,Grand Rapids,MI,USA,NULL
mihenry,Henry Ford Community College,Dearborn,MI,USA,NULL
mikalam,Kalamazoo Valley Community College,Kalamazoo,MI,USA,NULL
millersvil,Millersville University of Pennsylvania,Millersville,PA,USA,NULL
milligantn,Milligan College,Milligan College,TN,USA,NULL
millikin,Millikin University,Decatur,IL,USA,NULL
millsapsms,Millsaps College,Jackson,MS,USA,NULL
milmich,Lake Michigan College,Benton Harbor,MI,USA,NULL
mimacom,Macomb Community College,Warren,MI,USA,NULL
mimuske,Muskegon Community College,Muskegon,MI,USA,NULL
minnesota,University of Minnesota,Minneapolis,MN,USA,NULL
minorth,Northern Michigan University,Marquette,MI,USA,NULL
mioakla,Oakland Community College,Farmington Hills,MI,USA,NULL
missouri,University of Missouri Columbia,Columbia,MO,USA,NULL
missst,Mississippi State University,Mississippi State,MS,USA,NULL
mistcla,St. Clair County Community College,Port Huron,MI,USA,NULL
mit,Massachusetts Institute of Technology,Cambridge,MA,USA,NULL
mnbemid,Bemidji State University,Bemidji,MN,USA,NULL
mnmesabi,Mesabi Range Community and Technical College,Virginia,MN,USA,NULL
mnmoorh,Minnesota State University, Moorhead,Moorhead,MN,USA
mnmorris,University of Minnesota, Morris,Morris,MN,USA
mnnorma,Normandale Community College,Bloomington,MN,USA,NULL
mnparke,Parker College,Winnebago,MN,USA,NULL
mntclairst,Montclair State University,Montclair,NJ,USA,NULL
mobileal,University of Mobile,Mobile,AL,USA,NULL
moconco,Concordia Seminary-St. Louis,St. Louis,MO,USA,NULL
mocrowd,Crowder College,Neosho,MO,USA,NULL
moculve,Culver-Stockton College,Canton,MO,USA,NULL
modrury,Drury University,Springfield,MO,USA,NULL
moeastc,East Central College,Union,MO,USA,NULL
mofores,St. Louis Community College, Forest Park Campus,St. Louis,MO,USA
moharri,Harris-Stowe State College,St. Louis,MO,USA,NULL
mojcjco,Jefferson City Junior College,Jefferson City,MO,USA,NULL
mojeffe,Jefferson College,Hillsboro,MO,USA,NULL
molongv,Longview Community College,Kansas City,MO,USA,NULL
momaple,Maple Woods Community College,Kansas City,MO,USA,NULL
mominer,Mineral Area College,Park Hills,MO,USA,NULL
monmouth,Monmouth University,West Long Branch,NJ,USA,NULL
monroecc,Monroe Community College,Rochester,NY,USA,NULL
montevallo,University of Montevallo,Montevallo,AL,USA,NULL
montreatnc,Montreat College,Montreat,NC,USA,NULL
morehead,Morehead State University,Morehead,KY,USA,NULL
morehouse,Morehouse College,Atlanta,GA,USA,NULL
morganst,Morgan State University,Baltimore,MD,USA,NULL
morolla,Missouri University of Science and Technology,Rolla,MO,USA,NULL
mosouthern,Missouri Southern State University,Joplin,MO,USA,NULL
motarki,Tarkio College,Tarkio,MO,USA,NULL
mothree,Three Rivers Community College,Poplar Bluff,MO,USA,NULL
movalley,Missouri Valley College,Marshall,MO,USA,NULL
mowestern,Missouri Western State University,St. Joseph,MO,USA,NULL
mrningside,Morningside College,Sioux City,IA,USA,NULL
mryvilletn,Maryville College,Maryville,TN,USA,NULL
mscollege,Mississippi College,Clinton,MS,USA,NULL
mscopia,Copiah-Lincoln Community College,Wesson,MS,USA,NULL
mseccco,East Central Community College,Decatur,MS,USA,NULL
msgcmac,Gulf Coast Military Academy,Gulfport,MS,USA,NULL
mshinds,Hinds Community College,Raymond,MS,USA,NULL
msholme,Holmes Community College,Ridgeland,MS,USA,NULL
msitawa,Itawamba Community College,Fulton,MS,USA,NULL
msmdcco,Mississippi Delta Community College,Moorhead,MS,USA,NULL
msmerid,Meridian Community College,Meridian,MS,USA,NULL
msnwmcc,Northwest Mississippi Community College,Senatobia,MS,USA,NULL
mspearl,Pearl River Community College,Poplarville,MS,USA,NULL
msswmcc,Southwest Mississippi Community College,Summit,MS,USA,NULL
mstupel,Tupelo Military Institute,Tupelo,MS,USA,NULL
mtennst,Middle Tennessee State University,Murfreesboro,TN,USA,NULL
mtolive,Mount Olive College,Mount Olive,NC,USA,NULL
mtstmarys,Mount St. Mary's University,Emmitsburg,MD,USA,NULL
mtunionoh,Mount Union College,Alliance,OH,USA,NULL
mtvernnaz,Mount Vernon Nazarene University,Mount Vernon,OH,USA,NULL
muhlenberg,Muhlenberg College,Allentown,PA,USA,NULL
murrayst,Murray State University,Murray,KY,USA,NULL
muskingum,Muskingum College,New Concord,OH,USA,NULL
nalabama,University of North Alabama,Florence,AL,USA,NULL
narizona,Northern Arizona University,Flagstaff,AZ,USA,NULL
navy,United States Naval Academy,Annapolis,MD,USA,NULL
ncat,North Carolina A&T State University,Greensboro,NC,USA,NULL
ncbreva,Brevard College,Brevard,NC,USA,NULL
ncchowa,Chowan College,Murfreesboro,NC,USA,NULL
ncentralil,North Central College,Naperville,IL,USA,NULL
nclouis,Louisburg College,Louisburg,NC,USA,NULL
ncmarsh,Mars Hill College,Mars Hill,NC,USA,NULL
ncolorado,University of Northern Colorado,Greeley,CO,USA,NULL
ncpitcc,Pitt Community College,Winterville,NC,USA,NULL
ncruthe,Rutherford College,Rutherford College,NC,USA,NULL
ncstand,St. Andrews Presbyterian College,Laurinburg,NC,USA,NULL
ncstate,North Carolina State University,Raleigh,NC,USA,NULL
ncuncpe,University of North Carolina at Pembroke,Pembroke,NC,USA,NULL
ncweave,Weaver College,Weaverville,NC,USA,NULL
ndstate,North Dakota State University,Fargo,ND,USA,NULL
ndunind,University of North Dakota,Grand Forks,ND,USA,NULL
neastern,Northeastern University,Boston,MA,USA,NULL
nebellevue,Bellevue University,Bellevue,NE,USA,NULL
nebkearney,University of Nebraska at Kearney,Kearney,NE,USA,NULL
nebomaha,University of Nebraska at Omaha,Omaha,NE,USA,NULL
nebraska,University of Nebraska at Lincoln,Lincoln,NE,USA,NULL
nedoane,Doane College,Crete,NE,USA,NULL
nehasti,Hastings College,Hastings,NE,USA,NULL
neillinois,Northeastern Illinois University,Chicago,IL,USA,NULL
nepersh,John J Pershing College,Beatrice,NE,USA,NULL
nevada,University of Nevada-Reno,Reno,NV,USA,NULL
newberry,Newberry College,Newberry,SC,USA,NULL
newesleyan,Nebraska Wesleyan University,Lincoln,NE,USA,NULL
neweste,Western Nebraska Community College,Scottsbluff,NE,USA,NULL
newhamp,University of New Hampshire,Durham,NH,USA,NULL
newhaven,University of New Haven,West Haven,CT,USA,NULL
newyorku,New York University,New York,NY,USA,NULL
nflorida,University of North Florida,Jacksonville,FL,USA,NULL
niagara,Niagara University,Lewiston,NY,USA,NULL
nicholls,Nicholls State University,Thibodaux,LA,USA,NULL
nillinois,Northern Illinois University,DeKalb,IL,USA,NULL
niowa,University of Northern Iowa,Cedar Falls,IA,USA,NULL
njberge,Bergen Community College,Paramus,NJ,USA,NULL
njborde,Bordentown Military Institute,Bordentown,NJ,USA,NULL
njbrook,Brookdale Community College,Lincroft,NJ,USA,NULL
njburli,Burlington County College,Pemberton,NJ,USA,NULL
njcamde,Camden County College,Blackwood,NJ,USA,NULL
njccmor,County College of Morris,Randolph,NJ,USA,NULL
njcente,Centenary College,Hackettstown,NJ,USA,NULL
njcity,New Jersey City University,Jersey City,NJ,USA,NULL
njglouc,Gloucester County College,Sewell,NJ,USA,NULL
njmerce,Mercer County Community College,West Windsor,NJ,USA,NULL
njmiddl,Middlesex County Community College,Edison,NJ,USA,NULL
njricha,Richard Stockton College of New Jersey,Pomona,NJ,USA,NULL
njupsal,Upsala College,East Orange,NJ,USA,NULL
nkentucky,Northern Kentucky University,Highland Heights,KY,USA,NULL
nmeaste,Eastern New Mexico University,Portales,NM,USA,NULL
nmexico,University of New Mexico,Albuquerque,NM,USA,NULL
nmhighland,New Mexico Highlands University,Las Vegas,NM,USA,NULL
nmmilin,New Mexico Military Institute,Roswell,NM,USA,NULL
nmnmjco,New Mexico Junior College,Hobbs,NM,USA,NULL
nmsouth,College of the Southwest,Hobbs,NM,USA,NULL
nmstate,New Mexico State University,Las Cruces,NM,USA,NULL
norfolkst,Norfolk State University,Norfolk,VA,USA,NULL
norleans,University of New Orleans,New Orleans,LA,USA,NULL
northwood,Northwood University,Midland,MI,USA,NULL
norwichvt,Norwich University,Northfield,VT,USA,NULL
notredame,University of Notre Dame,South Bend,IN,USA,NULL
ntexas,University of North Texas,Denton,TX,USA,NULL
nvsouth,College of Southern Nevada,Henderson,NV,USA,NULL
nwestern,Northwestern University,Evanston,IL,USA,NULL
nwmost,Northwest Missouri State University,Maryville,MO,USA,NULL
nwokstate,Northwestern Oklahoma State University,Alva,OK,USA,NULL
nwstate,Northwestern State University of Louisiana,Natchitoches,LA,USA,NULL
nybrock,State University of New York at Brockport,Brockport,NY,USA,NULL
nycortland,State University of New York at Cortland,Cortland,NY,USA,NULL
nydutch,Dutchess Community College,Poughkeepsie,NY,USA,NULL
nyeriec,Erie Community College,Buffalo,NY,USA,NULL
nyfredonia,State University of New York at Fredonia,Fredonia,NY,USA,NULL
nykbcco,Kingsborough Community College,Brooklyn,NY,USA,NULL
nylehma,Lehman College,Bronx,NY,USA,NULL
nymarit,Maritime College,Throggs Neck,NY,USA,NULL
nymercy,Mercy College,Dobbs Ferry,NY,USA,NULL
nymohaw,Mohawk Valley Community College,Utica,NY,USA,NULL
nynassa,Nassau Community College,Garden City,NY,USA,NULL
nyoneonta,State University of New York at Oneonta,Oneonta,NY,USA,NULL
nyonond,Onondaga Community College,Syracuse,NY,USA,NULL
nyrockl,Rockland Community College,Suffern,NY,USA,NULL
nysuffo,Suffolk County Community College,Brentwood,NY,USA,NULL
nytech,New York Institute of Technology,Old Westbury,NY,USA,NULL
nyuroch,University of Rochester,Rochester,NY,USA,NULL
oakland,Oakland University,Rochester,MI,USA,NULL
oberlinoh,Oberlin College,Oberlin,OH,USA,NULL
occidental,Occidental College,Los Angeles,CA,USA,NULL
oglethrpga,Oglethorpe University,Atlanta,GA,USA,NULL
ohcapit,Capital University,Bexley,OH,USA,NULL
ohcaset,Case Institute of Applied Sciences,Cleveland,OH,USA,NULL
ohcuyah,Cuyahoga Community College,Cleveland,OH,USA,NULL
ohdominican,Ohio Dominican University,Columbus,OH,USA,NULL
ohgiffi,Giffin Junior College,Van Wert,OH,USA,NULL
ohio,Ohio University,Athens,OH,USA,NULL
ohiost,The Ohio State University,Columbus,OH,USA,NULL
ohjohnc,John Carroll University,University Heights,OH,USA,NULL
ohlakel,Lakeland Community College,Kirtland,OH,USA,NULL
ohlerie,Lake Erie College,Painesville,OH,USA,NULL
ohnorth,Ohio Northern University,Ada,OH,USA,NULL
ohsincl,Sinclair Community College,Dayton,OH,USA,NULL
ohvalley,Ohio Valley College,Vienna,WV,USA,NULL
ohwesleyan,Ohio Wesleyan University,Delaware,OH,USA,NULL
okbapti,Oklahoma Baptist University,Shawnee,OK,USA,NULL
okcity,Oklahoma City University,Oklahoma City,OK,USA,NULL
okconno,Connors State College,Warner,OK,USA,NULL
okeaste,East Oklahoma State College,Wilburton,OK,USA,NULL
oklahoma,University of Oklahoma,Norman,OK,USA,NULL
okmurra,Murray State College,Tishomingo,OK,USA,NULL
okneoam,Northeast Oklahoma A&M College,Miami,OK,USA,NULL
oknestu,Northeastern State University,Tahlequah,OK,USA,NULL
okocsw,Oklahoma City Southwestern College,Oklahoma City,OK,USA,NULL
okroger,Rogers State University,Claremore,OK,USA,NULL
oksemin,Seminole State College,Seminole,OK,USA,NULL
okstate,Oklahoma State University,Stillwater,OK,USA,NULL
okwesle,Oklahoma Wesleyan University,Bartlesville,OK,USA,NULL
okweste,Western Oklahoma State College,Altus,OK,USA,NULL
olddom,Old Dominion University,Norfolk,VA,USA,NULL
olemiss,University of Mississippi,Oxford,MS,USA,NULL
olivetmi,Olivet College,Olivet,MI,USA,NULL
olivetnaz,Olivet Nazarene University,Bourbonnais,IL,USA,NULL
oralrob,Oral Roberts University,Tulsa,OK,USA,NULL
orbluem,Blue Mountain Community College,Pendleton,OR,USA,NULL
orcheme,Chemeketa Community College,Salem,OR,USA,NULL
orcorba,Corban College,Salem,OR,USA,NULL
oregon,University of Oregon,Eugene,OR,USA,NULL
oregonst,Oregon State University,Corvallis,OR,USA,NULL
orlinnb,Linn-Benton Community College,Albany,OR,USA,NULL
ormount,Mount Hood Community College,Gresham,OR,USA,NULL
ortreas,Treasure Valley Community College,Ontario,OR,USA,NULL
orweste,Western Oregon University,Monmouth,OR,USA,NULL
otterbein,Otterbein College,Westerville,OH,USA,NULL
ouachitab,Ouachita Baptist University,Arkadelphia,AR,USA,NULL
oxnard,Oxnard College,Oxnard,CA,USA,NULL
ozarks,University of the Ozarks,Clarksville,AR,USA,NULL
paalleb,Community College of Allegheny County, Boyce Campus,Monroeville,PA,USA
paalles,Community College of Allegheny County, South Campus,West Mifflin,PA,USA
pabeave,Community College of Beaver County,Monaca,PA,USA,NULL
pabucks,Bucks County Community College,Lewisburg,PA,USA,NULL
pabutle,Butler County Community College,Butler,PA,USA,NULL
pacarli,Carlisle Indian Industrial School,Carlisle,PA,USA,NULL
paccphi,Community College of Philadelphia,Philadelphia,PA,USA,NULL
pacheyn,Cheyney University,Cheyney,PA,USA,NULL
pacific,University of the Pacific,Stockton,CA,USA,NULL
pacificor,Pacific University,Forest Grove,OR,USA,NULL
padelaw,Delaware County Community College,Marple,PA,USA,NULL
padesal,DeSales University,Center Valley,PA,USA,NULL
pahahne,Hahnemann University,Philadelphia,PA,USA,NULL
pahaver,Haverford College in Pennsylvania,Haverford,PA,USA,NULL
palaroc,LaRoche College,Pittsburgh,PA,USA,NULL
palinco,Lincoln University,Lincoln University,PA,USA,NULL
paschuy,Schuylkill College,Reading,PA,USA,NULL
pavolan,Volant College,Volant,PA,USA,NULL
pbsc,Palm Beach Community College,Lake Worth,FL,USA,NULL
pennst,Pennsylvania State University,State College,PA,USA,NULL
pepperdine,Pepperdine University,Malibu,CA,USA,NULL
pfeiffer,Pfeiffer University,Misenheimer,NC,USA,NULL
philly,Philadelphia University,Philadelphia,PA,USA,NULL
philsmith,Philander Smith College,Little Rock,AR,USA,NULL
piedmontga,Piedmont College,Demorest,GA,USA,NULL
pittsbst,Pittsburg State University,Pittsburg,KS,USA,NULL
pittsburgh,University of Pittsburgh,Pittsburgh,PA,USA,NULL
plymouth,Plymouth State College,Plymouth,NH,USA,NULL
pompitzer,Pomona College/Pitzer College,Claremont,CA,USA,NULL
portland,University of Portland,Portland,OR,USA,NULL
portlandst,Portland State University,Portland,OR,USA,NULL
prairview,Prairie View A&M University,Prairie View,TX,USA,NULL
presbytrn,Presbyterian College,Clinton,SC,USA,NULL
princeton,Princeton University,Princeton,NJ,USA,NULL
providence,Providence College,Providence,RI,USA,NULL
psubehrend,Penn State Erie, the Behrend College of Pennsylvania State University,Erie,PA,USA
ptlomanaz,Point Loma Nazarene University,San Diego,CA,USA,NULL
ptparkpa,Point Park University,Pittsburgh,PA,USA,NULL
pugetsound,University of Puget Sound,Tacoma,WA,USA,NULL
purdue,Purdue University,West Lafayette,IN,USA,NULL
quincy,Quincy University,Quincy,IL,USA,NULL
quinnipiac,Quinnipiac College,Hamden,CT,USA,NULL
radford,Radford University,Radford,VA,USA,NULL
ramaponj,Ramapo College,Mahwah,NJ,USA,NULL
randmacon,Randolph-Macon College,Ashland,VA,USA,NULL
rhodeisle,University of Rhode Island,Kingston,RI,USA,NULL
rhodestn,Rhodes College,Memphis,TN,USA,NULL
ric,Rhode Island College,Providence,RI,USA,NULL
rice,Rice University,Houston,TX,USA,NULL
richmond,University of Richmond,Richmond,VA,USA,NULL
rider,Rider University,Lawrenceville,NJ,USA,NULL
riogrande,University of Rio Grande,Rio Grande,OH,USA,NULL
riponwi,Ripon College,Ripon,WI,USA,NULL
riroger,Roger Williams University,Bristol,RI,USA,NULL
roanokeva,Roanoke College,Salem,VA,USA,NULL
robertmor,Robert Morris University,Moon Township,PA,USA,NULL
rockhurst,Rockhurst University,Kansas City,MO,USA,NULL
rollins,Rollins College,Winter Park,FL,USA,NULL
rosehulman,Rose-Hulman Institute of Technology,Terre Haute,IN,USA,NULL
rowannj,Rowan University,Glassboro,NJ,USA,NULL
rutgers,Rutgers, the State University of New Jersey,New Brunswick,NJ,USA
sacstate,California State University Sacramento,Sacramento,CA,USA,NULL
saginawval,Saginaw Valley State University,Saginaw,MI,USA,NULL
salabama,University of South Alabama,Mobile,AL,USA,NULL
salemintl,Salem International University,Salem,WV,USA,NULL
samford,Samford University,Birmingham,AL,USA,NULL
samhouston,Sam Houston State University,Huntsville,TX,USA,NULL
sandiego,University of San Diego,San Diego,CA,USA,NULL
sandiegost,San Diego State University,San Diego,CA,USA,NULL
sanfran,University of San Francisco,San Francisco,CA,USA,NULL
sanfranst,San Francisco State University,San Francisco,CA,USA,NULL
sanjosest,San Jose State University,San Jose,CA,USA,NULL
santaclara,Santa Clara University,Santa Clara,CA,USA,NULL
sarkansas,Southern Arkansas University,Magnolia,AR,USA,NULL
savcolad,Savannah College of Arts and Design,Savannah,GA,USA,NULL
scarolina,University of South Carolina,Columbia,SC,USA,NULL
scfranc,Francis Marion University,Florence,SC,USA,NULL
schreiner,Schreiner University,Kerrville,TX,USA,NULL
sclimes,Limestone College,Gaffney,SC,USA,NULL
scranton,University of Scranton,Scranton,PA,USA,NULL
scspart,Spartanburg Methodist College,Spartanburg,SC,USA,NULL
scstate,South Carolina State University,Orangeburg,SC,USA,NULL
scupsta,University of South Carolina Upstate,Spartanburg,SC,USA,NULL
sdakotast,South Dakota State University,Brookings,SD,USA,NULL
sdcity,San Diego City College,San Diego,CA,USA,NULL
seattle,Seattle University,Seattle,WA,USA,NULL
sefl,Southeastern University,Lakeland,FL,USA,NULL
sela,Southeastern Louisiana University,Hammond,LA,USA,NULL
seminolecc,Seminole Community College,Sanford,FL,USA,NULL
semost,Southeast Missouri State University,Cape Girardeau,MO,USA,NULL
seoklahoma,Southeastern Oklahoma State University,Durant,OK,USA,NULL
setonhall,Seton Hall University,South Orange,NJ,USA,NULL
sfaustin,Stephen F Austin State University,Nacogdoches,TX,USA,NULL
sfcc,South Florida Community College,Avon Park,FL,USA,NULL
sflorida,University of South Florida,Tampa,FL,USA,NULL
shaw,Shaw University,Raleigh,NC,USA,NULL
shenandoah,Shenandoah University,Winchester,VA,USA,NULL
shepherdwv,Shepherd College,Shepherdstown,WV,USA,NULL
shipnsburg,Shippensburg University of Pennsylvania,Shippensburg,PA,USA,NULL
shorterga,Shorter College,Rome,GA,USA,NULL
siena,Siena College,Loudonville,NY,USA,NULL
silledward,Southern Illinois University Edwardsville,Edwardsville,IL,USA,NULL
sillinois,Southern Illinois University Carbondale,Carbondale,IL,USA,NULL
sindiana,University of Southern Indiana,Evansville,IN,USA,NULL
sliprock,Slippery Rock University of Pennsylvania,Slippery Rock,PA,USA,NULL
smaine,University of Southern Maine,Gorham,ME,USA,NULL
smethodist,Southern Methodist University,Dallas,TX,USA,NULL
smiss,University of Southern Mississippi,Hattiesburg,MS,USA,NULL
sonomast,Sonoma State University,Rohnert Park,CA,USA,NULL
southernu,Southern University and A&M College,Baton Rouge,LA,USA,NULL
springhill,Spring Hill College,Mobile,AL,USA,NULL
sprngfldma,Springfield College,Springfield,MA,USA,NULL
stambrseia,St. Ambrose University,Davenport,IA,USA,NULL
stanford,Stanford University,Palo Alto,CA,USA,NULL
stanselm,St. Anselm College,Manchester,NH,USA,NULL
staugustne,St. Augustine's College,Raleigh,NC,USA,NULL
stbonny,St. Bonaventure University,St. Bonaventure,NY,USA,NULL
stcloudst,St.Cloud State University,St. Cloud,MN,USA,NULL
stedwardtx,St. Edward's University,Austin,TX,USA,NULL
sterlingks,Sterling University,Sterling,KS,USA,NULL
stetson,Stetson University,DeLand,FL,USA,NULL
stfranny,St. Francis University,Brooklyn,NY,USA,NULL
stfranpa,St. Francis University,Loretto,PA,USA,NULL
stfrncisil,University of St. Francis,Joliet,IL,USA,NULL
stjohns,St. John's University,Queens,NY,USA,NULL
stjosephin,St. Joseph's College,Rensselaer,IN,USA,NULL
stjosephs,St. Joseph's University,Philadelphia,PA,USA,NULL
stlawrence,St. Lawrence University,Canton,NY,USA,NULL
stleo,St. Leo College,St. Leo,FL,USA,NULL
stlouis,St. Louis University,St. Louis,MO,USA,NULL
stmartinwa,St. Martin's College,Lacey,WA,USA,NULL
stmarysca,St. Mary's College of California,Moraga,CA,USA,NULL
stmarysmn,St. Mary's University of Minnesota,Winona,MN,USA,NULL
stmarytx,St. Mary's University,San Antonio,TX,USA,NULL
stmichaels,St. Michael's College,Colchester,VT,USA,NULL
stonybrook,Stony Brook University,Stony Brook,NY,USA,NULL
stpeters,St. Peter's College,Jersey City,NJ,USA,NULL
strose,College of St. Rose,Albany,NY,USA,NULL
stthomasfl,St. Thomas University,Miami Gardens,FL,USA,NULL
stthomasmn,University of St. Thomas,St. Paul,MN,USA,NULL
stxavieril,St. Xavier University,Orland Park,IL,USA,NULL
sulrossst,Sul Ross State University,Alpine,TX,USA,NULL
sunybing,State University of New York at Binghamton,Binghamton,NY,USA,NULL
sunybuff,University at Buffalo, State University of New York,Buffalo,NY,USA
susquehnna,Susquehanna University,Selinsgrove,PA,USA,NULL
sutah,Southern Utah University,Cedar City,UT,USA,NULL
swarthmore,Swarthmore College,Swarthmore,PA,USA,NULL
swesternks,Southwestern College,Winfield,KS,USA,NULL
swesterntx,Southwestern University,Georgetown,TX,USA,NULL
swmost,Missouri State University,Springfield,MO,USA,NULL
swoklahoma,Southwestern Oklahoma State University,Weatherford,OK,USA,NULL
swtexas,Texas State University,San Marcos,TX,USA,NULL
syracuse,Syracuse University,Syracuse,NY,USA,NULL
tampa,University of Tampa,Tampa,FL,USA,NULL
tamucomm,Texas A&M University-Commerce,Commerce,TX,USA,NULL
tamukvill,Texas A&M University-Kingsville,Kingsville,TX,USA,NULL
tarletonst,Tarleton State University,Stephenville,TX,USA,NULL
temple,Temple University,Philadelphia,PA,USA,NULL
tennessee,University of Tennessee,Knoxville,TN,USA,NULL
tennst,Tennessee State University,Nashville,TN,USA,NULL
texas,University of Texas at Austin,Austin,TX,USA,NULL
texasam,Texas A&M University,College Station,TX,USA,NULL
thielpa,Thiel College,Greenville,PA,USA,NULL
thomasmore,Thomas More College,Crestview Hills,KY,USA,NULL
tnchatt,Chattanooga State Technical Community College,Chattanooga,TN,USA,NULL
tnchris,Christian Brothers University,Memphis,TN,USA,NULL
tncleve,Cleveland State Community College,Cleveland,TN,USA,NULL
tncolum,Columbia State Community College,Columbia,TN,USA,NULL
tnhiwas,Hiwassee College,Madisonville,TN,USA,NULL
tnjacks,Jackson State Community College,Jackson,TN,USA,NULL
tnkingc,King College,Bristol,TN,USA,NULL
tnmotlo,Motlow State Community College,Lynchburg,TN,USA,NULL
tnswten,Southwest Tennessee Community College,Memphis,TN,USA,NULL
tntech,Tennessee Technological University,Cookeville,TN,USA,NULL
tntenme,University of Tennessee Health Science Center,Memphis,TN,USA,NULL
tnvolun,Volunteer State Community College,Gallatin,TN,USA,NULL
tnwesleyan,Tennessee Wesleyan College,Athens,TN,USA,NULL
toledo,University of Toledo,Toledo,OH,USA,NULL
towson,Towson University,Towson,MD,USA,NULL
trinityct,Trinity College,Hartford,CT,USA,NULL
trinitytx,Trinity University,San Antonio,TX,USA,NULL
trnsylvnia,Transylvania University,Lexington,KY,USA,NULL
troyst,Troy University,Troy,AL,USA,NULL
trumanst,Truman State University,Kirksville,MO,USA,NULL
tuftsma,Tufts University,Medford,MA,USA,NULL
tulane,Tulane University,New Orleans,LA,USA,NULL
tulsa,University of Tulsa,Tulsa,OK,USA,NULL
tusculum,Tusculum College,Greenville,TN,USA,NULL
tuskegee,Tuskegee University,Tuskegee,AL,USA,NULL
txalvin,Alvin Community College,Alvin,TX,USA,NULL
txangel,Angelo State University,San Angelo,TX,USA,NULL
txangjc,Angelina College,Lufkin,TX,USA,NULL
txausti,Austin Community College,Austin,TX,USA,NULL
txblinn,Blinn College,Brenham,TX,USA,NULL
txburne,Burnetta College,Venus,TX,USA,NULL
txchrist,Texas Christian University,Fort Worth,TX,USA,NULL
txclare,Clarendon College,Clarendon,TX,USA,NULL
txcoast,Coastal Bend College,Beeville,TX,USA,NULL
txcolli,Collin College,Dallas,TX,USA,NULL
txeastf,Eastfield College,Mesquite,TX,USA,NULL
txelpas,El Paso Community College,El Paso,TX,USA,NULL
txfrank,Frank Phillips College,Borger,TX,USA,NULL
txgalve,Galveston College,Galveston,TX,USA,NULL
txgrays,Grayson County College,Denison,TX,USA,NULL
txhillj,Hill College,Hillsboro,TX,USA,NULL
txhowar,Howard College,Big Spring,TX,USA,NULL
txkilgo,Kilgore College,Kilgore,TX,USA,NULL
txleejc,Lee College,Baytown,TX,USA,NULL
txlonmo,Lon Morris College,Jacksonville,TX,USA,NULL
txmclen,McLennan Community College,Waco,TX,USA,NULL
txmcmur,McMurry University,Abilene,TX,USA,NULL
txmerid,Meridian Junior College,Meridian,TX,USA,NULL
txmidla,Midland College,Midland,TX,USA,NULL
txnavar,Navarro College,Corsicana,TX,USA,NULL
txnctjc,North Central Texas College,Gainesville,TX,USA,NULL
txnetex,Northeast Texas Community College,Mount Pleasant,TX,USA,NULL
txodess,Odessa College,Odessa,TX,USA,NULL
txpanol,Panola College,Carthage,TX,USA,NULL
txparis,Paris Junior College,Paris,TX,USA,NULL
txpaulq,Paul Quinn College,Dallas,TX,USA,NULL
txsajco,San Antonio College,San Antonio,TX,USA,NULL
txsjjcn,San Jacinto College, North Campus,Houston,TX,USA
txsjjco,San Jacinto College,Pasadena,TX,USA,NULL
txswtex,Southwest Texas Junior College,Uvalde,TX,USA,NULL
txtech,Texas Tech University,Lubbock,TX,USA,NULL
txtempl,Temple College,Temple,TX,USA,NULL
txtexar,Texarkana College,Texarkana,TX,USA,NULL
txtyler,Tyler Junior College,Tyler,TX,USA,NULL
txverno,Vernon College,Vernon,TX,USA,NULL
txweath,Weatherford College,Weatherford,TX,USA,NULL
txwesle,Wesley College,Greenville,TX,USA,NULL
txwesleyan,Texas Wesleyan University,Fort Worth,TX,USA,NULL
txwestt,West Texas A&M University,Canyon,TX,USA,NULL
txwhart,Wharton County Junior College,Wharton,TX,USA,NULL
uab,University of Alabama at Birmingham,Birmingham,AL,USA,NULL
ucdavis,University of California, Davis,Davis,CA,USA
ucirvine,University of California, Irvine,Irvine,CA,USA
ucla,University of California, Los Angeles,Los Angeles,CA,USA
uconn,University of Connecticut,Storrs,CT,USA,NULL
ucriver,University of California, Riverside,Riverside,CA,USA
ucsb,University of California, Santa Barbara,Santa Barbara,CA,USA
ucsd,University of California, San Diego,La Jolla,CA,USA
ulala,University of Louisiana at Lafayette,Lafayette,LA,USA,NULL
ulamo,University of Louisiana at Monroe,Monroe,LA,USA,NULL
umass,University of Massachusetts Amherst,Amherst,MA,USA,NULL
umassdartm,University of Massachusetts Dartmouth,North Dartmouth,MA,USA,NULL
umbc,University of Maryland, Baltimore County,Baltimore,MD,USA
umes,University of Maryland Eastern Shore,Princess Anne,MD,USA,NULL
umkc,University of Missouri Kansas City,Kansas City,MO,USA,NULL
unc,University of North Carolina at Chapel Hill,Chapel Hill,NC,USA,NULL
uncashe,University of North Carolina at Asheville,Asheville,NC,USA,NULL
uncgreen,University of North Carolina at Greensboro,Greensboro,NC,USA,NULL
uncwilm,University of North Carolina at Wilmington,Wilmington,NC,USA,NULL
unionny,Union College,Schenectady,NY,USA,NULL
uniontn,Union University,Jackson,TN,USA,NULL
unlv,University of Nevada-Las Vegas,Las Vegas,NV,USA,NULL
uofsouth,University of the South,Sewanee,TN,USA,NULL
upenn,University of Pennsylvania,Philadelphia,PA,USA,NULL
upperiowa,Upper Iowa University,Fayette,IA,USA,NULL
ursinus,Ursinus College,Collegeville,PA,USA,NULL
usc,University of Southern California,Los Angeles,CA,USA,NULL
uscaiken,University of South Carolina Aiken,Aiken,SC,USA,NULL
utah,University of Utah,Salt Lake City,UT,USA,NULL
utahst,Utah State University,Logan,UT,USA,NULL
utahvalley,Utah Valley State University,Orem,UT,USA,NULL
utarl,University of Texas at Arlington,Arlington,TX,USA,NULL
utchat,University of Tennessee at Chattanooga,Chattanooga,TN,USA,NULL
utdixie,Dixie State College of Utah,St. George,UT,USA,NULL
utep,University of Texas at El Paso,El Paso,TX,USA,NULL
utpanam,University of Texas Pan American,Edinburg,TX,USA,NULL
utslxxo,Salt Lake Community College,Salt Lake City,UT,USA,NULL
utsnojc,Snow College,Ephraim,UT,USA,NULL
vaappre,Newport News Apprentice School,Newport News,VA,USA,NULL
vaemenn,Eastern Mennonite University,Harrisonburg,VA,USA,NULL
valdostast,Valdosta State University,Valdosta,GA,USA,NULL
valpo,Valparaiso University,Valparaiso,IN,USA,NULL
vamedic,Medical College of Virginia,Richmond,VA,USA,NULL
vandy,Vanderbilt University,Nashville,TN,USA,NULL
vanguardca,Vanguard University of Southern California,Costa Mesa,CA,USA,NULL
vatech,Virginia Polytechnic Institute and State University,Blacksburg,VA,USA,NULL
vcu,Virginia Commonwealth University,Richmond,VA,USA,NULL
vermont,University of Vermont,Burlington,VT,USA,NULL
villanova,Villanova University,Villanova,PA,USA,NULL
virginia,University of Virginia,Charlottesville,VA,USA,NULL
virginiast,Virginia State University,Petersburg,VA,USA,NULL
viterbowi,Viterbo University,La Crosse,WI,USA,NULL
vmi,Virginia Military Institute,Lexington,VA,USA,NULL
wabashin,Wabash College,Crawfordsville,IN,USA,NULL
wabelle,Bellevue Community College,Bellevue,WA,USA,NULL
wacentr,Centralia College,Centralia,WA,USA,NULL
waclark,Clark College,Vancouver,WA,USA,NULL
wacolum,Columbia Basin College,Pasco,WA,USA,NULL
waedmon,Edmonds Community College,Lynnwood,WA,USA,NULL
waevere,Everett Community College,Everett,WA,USA,NULL
wagner,Wagner College,Staten Island,NY,USA,NULL
wagreen,Green River Community College,Auburn,WA,USA,NULL
wake,Wake Forest University,Winston-Salem,NC,USA,NULL
walabama,University of West Alabama,Livingston,AL,USA,NULL
walower,Lower Columbia College,Longview,WA,USA,NULL
waolymp,Olympic College,Bremerton,WA,USA,NULL
warnerpac,Warner Pacific College,Portland,OR,USA,NULL
wasfcco,Spokane Falls Community College,Spokane,WA,USA,NULL
washburn,Washburn University,Topeka,KS,USA,NULL
washcollmd,Washington College,Chestertown,MD,USA,NULL
washcolltn,Washington College,Jonesborough,TN,USA,NULL
washington,University of Washington,Seattle,WA,USA,NULL
washjeffpa,Washington and Jefferson College,Washington,PA,USA,NULL
washleeva,Washington and Lee University,Lexington,VA,USA,NULL
washore,Shoreline Community College,Shoreline,WA,USA,NULL
washst,Washington State University,Pullman,WA,USA,NULL
watacom,Tacoma Community College,Tacoma,WA,USA,NULL
wawalla,Walla Walla Community College,Walla Walla,WA,USA,NULL
wawenat,Wenatchee Valley College,Wenatchee,WA,USA,NULL
wayakim,Yakima Valley Community College,Yakima,WA,USA,NULL
waynesburg,Waynesburg College,Waynesburg,PA,USA,NULL
waynest,Wayne State University,Detroit,MI,USA,NULL
waynestne,Wayne State College,Wayne,NE,USA,NULL
wcarolina,Western Carolina University,Cullowhee,NC,USA,NULL
wchester,West Chester University of Pennsylvania,West Chester,PA,USA,NULL
wconnst,Western Connecticut State University,Danbury,CT,USA,NULL
weberst,Weber State College,Ogden,UT,USA,NULL
wesleyanct,Wesleyan University,Middletown,CT,USA,NULL
westmontca,Westmont College,Santa Barbara,CA,USA,NULL
wflorida,University of West Florida,Pensacola,FL,USA,NULL
wgeorgia,State University of West Georgia,Carrollton,GA,USA,NULL
wheatonma,Wheaton College,Wheaton,MA,USA,NULL
whitmanwa,Whitman College,Walla Walla,WA,USA,NULL
whittierca,Whittier College,Whittier,CA,USA,NULL
whitwrthwa,Whitworth College,Spokane,WA,USA,NULL
wicarro,Carroll College,Waukesha,WI,USA,NULL
wichitast,Wichita State University,Wichita,KS,USA,NULL
widenerpa,Widener University,Chester,PA,USA,NULL
wilacrosse,University of Wisconsin at La Crosse,La Crosse,WI,USA,NULL
wilawre,Lawrence University,Appleton,WI,USA,NULL
wilbrforce,Wilberforce University,Wilberforce,OH,USA,NULL
wileytx,Wiley College,Marshall,TX,USA,NULL
wilkespa,Wilkes University,Wilkes-Barre,PA,USA,NULL
willamette,Willamette University,Salem,OR,USA,NULL
williamsma,Williams College,Williamstown,MA,USA,NULL
willinois,Western Illinois University,Macomb,IL,USA,NULL
willmary,College of William and Mary,Williamsburg,VA,USA,NULL
wingate,Wingate University,Wingate,NC,USA,NULL
winstsalst,Winston-Salem State University,Winston-Salem,NC,USA,NULL
winthrop,Winthrop University,Rock Hill,SC,USA,NULL
wioshkosh,University of Wisconsin at Oshkosh,Oshkosh,WI,USA,NULL
wisacre,Sacred Heart College,Watertown,WI,USA,NULL
wisconsin,University of Wisconsin at Madison,Madison,WI,USA,NULL
wistnor,St. Norbert College,De Pere,WI,USA,NULL
wistvnspt,University of Wisconsin at Stevens Point,Stevens Point,WI,USA,NULL
wisuperior,University of Wisconsin at Superior,Superior,WI,USA,NULL
wittnbrgoh,Wittenberg University,Springfield,OH,USA,NULL
wiwhitewtr,University of Wisconsin at Whitewater,Whitewater,WI,USA,NULL
wkentucky,Western Kentucky University,Bowling Green,KY,USA,NULL
wlibertyst,West Liberty State College,West Liberty,WV,USA,NULL
wlmcarey,William Carey College,Hattiesburg,MS,USA,NULL
wlmjewell,William Jewell College,Liberty,MO,USA,NULL
wlmpennia,William Penn University,Oskaloosa,IA,USA,NULL
wmichigan,Western Michigan University,Kalamazoo,MI,USA,NULL
wminstermo,Westminster College,Fulton,MO,USA,NULL
wminsterpa,Westminster College,New Wilmington,PA,USA,NULL
wofford,Wofford College,Spartanburg,SC,USA,NULL
woosteroh,College of Wooster,Wooster,OH,USA,NULL
wpaterson,William Paterson University,Wayne,NJ,USA,NULL
wrightst,Wright State University,Dayton,OH,USA,NULL
wshngtonmo,Washington University in St. Louis,St. Louis,MO,USA,NULL
wvirginia,West Virginia University,Morgantown,WV,USA,NULL
wvpotom,Potomac State College,Keyser,WV,USA,NULL
wvstate,West Virginia State University,Institute,WV,USA,NULL
wvwesleyan,West Virginia Wesleyan College,Buckhannon,WV,USA,NULL
wwashngton,Western Washington University,Bellingham,WA,USA,NULL
wyoming,University of Wyoming,Laramie,WY,USA,NULL
xavier,Xavier University,Cincinnati,OH,USA,NULL
yale,Yale University,New Haven,CT,USA,NULL
youngst,Youngstown State University,Youngstown,OH,USA,NULL
